,rider_provider,CashAndCashEquivalents,MarketableSecurities,TotalCurrentAssets,TotalAssets,PropertyAndEquipmentNet,Goodwill,TotalCurrentLiabilities,SharesOutstanding,TotalStockholdersEquity,TotalEquity,GrossProfit,TotalOperatingExpenses,NetIncome,GrossPropertyAndEquipment,StockPrice,SalesAndMarketing,TotalDebt,Revenues,CostOfSales,OperatingIncome,NetLoss,RecurringRevenue,ARR,GAAPRevenue,NonGAAPEarnings,MRR,FilingDate,DocURL
1,1459417_2021,,,,,,,,,,,,,,,,,,,,,,,,,,,2021-02-25,https://www.sec.gov/Archives/edgar/data/1459417/000145941721000003/twou-20201231.htm
1,1459417_2020,,,,,,,,,,,,,,,,,,,,,,,,,,,2020-02-28,https://www.sec.gov/Archives/edgar/data/1459417/000145941720000003/a2u201910-k.htm
1,1023731_2021,112531000.0,48533000.0,276533000.0,678409000.0,93076000.0,131520000.0,121378000.0,109134740.0,755643000.0,678409000.0,83606000.0,678493000.0,-45034000.0,185449000.0,29.07,256231000.0,,532344000.0,180082000.0,-40036000.0,,,-45034000.0,,,,2021-05-17,https://www.sec.gov/Archives/edgar/data/1023731/000102373121000091/eght-20210331.htm
1,1023731_2020,137394000.0,48829000.0,277162000.0,700641000.0,94382000.0,128300000.0,123425000.0,,625474000.0,700641000.0,63857000.0,606056000.0,-34265000.0,168352000.0,,240013000.0,,446237000.0,145013000.0,-32553000.0,,,-34265000.0,,,,2020-05-19,https://www.sec.gov/Archives/edgar/data/1023731/000102373120000049/a8x8331202010-k.htm
1,1580808_2021,,,,,,,,,,,,,,,,,,,,,,,,,,,2021-03-08,https://www.sec.gov/Archives/edgar/data/1580808/000158080821000043/aten-20201231.htm
1,935036_2021,,,,,,,,,,,,,,,,,,,,,,,,,,,2021-02-25,https://www.sec.gov/Archives/edgar/data/935036/000093503621000014/aciw-20201231.htm
1,935036_2020,,,,,,,,,,,,,,,,,,,,,,,,,,,2020-02-27,https://www.sec.gov/Archives/edgar/data/935036/000093503620000009/aciw-20191231x10k.htm
1,796343_2021,,,,,,,,,,,,,,,,,,,,,,,,,,,2021-01-15,https://www.sec.gov/Archives/edgar/data/796343/000079634321000004/adbe-20201127.htm
1,796343_2020,,,,,,,,,,,,,,,,,1886117000.0,,,,,,,,,,2020-01-21,https://www.sec.gov/Archives/edgar/data/796343/000079634320000013/adbe10kfy19.htm
1,1342936_2021,,,,,,,,,,,,,,,,,,,,,,,,,,,2021-03-31,https://www.sec.gov/Archives/edgar/data/1342936/000137647421000115/avoi-20201231.htm
1,1342936_2020,,,,,,,,,,,,,,,,,,,,,,,,,,,2020-03-30,https://www.sec.gov/Archives/edgar/data/1342936/000134293620000011/avoi-20191231.htm
1,78749_2021,99180000.0,,133250000.0,189873000.0,8789000.0,19622000.0,61001000.0,,79876000.0,189873000.0,89376000.0,,-21001000.0,39097000.0,,14196000.0,,137176000.0,47800000.0,-20958000.0,,,-21001000.0,,,,2021-05-21,https://www.sec.gov/Archives/edgar/data/78749/000156459021029319/agys-10k_20210331.htm
1,1459200_2021,,,,,,,,,,,,,,,,,,,,,,,,,,,2021-02-25,https://www.sec.gov/Archives/edgar/data/1459200/000145920021000012/alrm-20201231.htm
1,1459200_2020,,,,,,,,,,,,,,,,,,,,,,,,,,,2020-02-26,https://www.sec.gov/Archives/edgar/data/1459200/000145920020000005/alarmcom10-kdecember31.htm
1,1701732_2021,,,,,,,,,,,,,,,,,,,,,,,,,,,2021-02-26,https://www.sec.gov/Archives/edgar/data/1701732/000156459021009427/altr-10k_20201231.htm
1,1701732_2020,,,,,,,,,,,,,,,,,,,,,,,,,,,2020-03-02,https://www.sec.gov/Archives/edgar/data/1701732/000156459020008059/altr-10k_20191231.htm
1,1689923_2021,,,,,,,,,,,,,,,,,,,,,,,,,,,2021-02-12,https://www.sec.gov/Archives/edgar/data/1689923/000168992321000024/ayx-20201231.htm
1,1689923_2020,,,,,,,,,,,,,,,,,,,,,,,,,,,2020-02-14,https://www.sec.gov/Archives/edgar/data/1689923/000168992320000006/ayx1231201910-k.htm
1,713425_2021,88658000.0,,136623000.0,177157000.0,3428000.0,25888000.0,50664000.0,35629566.0,159492000.0,177157000.0,60980000.0,56619000.0,8089000.0,34009000.0,,20304000.0,,111408000.0,50428000.0,18922000.0,,,8089000.0,,,,2021-07-09,https://www.sec.gov/Archives/edgar/data/713425/000162828021013701/amswa-20210430.htm
1,1540755_2021,320990000.0,,529044000.0,739125000.0,51603000.0,32379000.0,405185000.0,143502000.0,932505000.0,739125000.0,338776000.0,492555000.0,-153967000.0,120702000.0,,302002000.0,,,108979000.0,-153779000.0,,,-153967000.0,,,,2021-03-12,https://www.sec.gov/Archives/edgar/data/1540755/000156459021012868/plan-10k_20210131.htm
1,1540755_2020,309894000.0,,462915000.0,649807000.0,48639000.0,32379000.0,307692000.0,135495000.0,788447000.0,649807000.0,257245000.0,405678000.0,-149217000.0,93102000.0,,250430000.0,,,90777000.0,-148433000.0,,,-149217000.0,,,,2020-03-30,https://www.sec.gov/Archives/edgar/data/1540755/000156459020014183/plan-10k_20200131.htm
1,1013462_2021,,,,,,,,,,,,,,,,,,,,,,,,,,,2021-02-24,https://www.sec.gov/Archives/edgar/data/1013462/000101346221000009/anss-20201231.htm
1,1013462_2020,,,,,,,,,,,,,,,,,,,,,,,,,,,2020-02-27,https://www.sec.gov/Archives/edgar/data/1013462/000101346220000004/anss2019123110k.htm
1,1433195_2021,,,,,,,,,,,,,,,,,,,,,,,,,,,2021-03-01,https://www.sec.gov/Archives/edgar/data/1433195/000143319521000024/appf-20201231.htm
1,1433195_2020,,,,,,,,,,,,,,,,,,,,,,,,,,,2020-03-02,https://www.sec.gov/Archives/edgar/data/1433195/000143319520000019/appf12311910-k.htm
1,1441683_2021,,,,,,,,,,,,,,,,,,,,,,,,,,,2021-02-18,https://www.sec.gov/Archives/edgar/data/1441683/000144168321000018/appn-20201231.htm
1,1441683_2020,,,,,,,,,,,,,,,,,,,,,,,,,,,2020-02-20,https://www.sec.gov/Archives/edgar/data/1441683/000144168320000020/appn-20191231.htm
1,1477720_2021,259878000.0,126396000.0,445763000.0,731119000.0,74436000.0,,163476000.0,161480000.0,528616000.0,731119000.0,198263000.0,373830000.0,-211710000.0,96834000.0,,176479000.0,,227004000.0,28741000.0,-175567000.0,,,-211710000.0,,,,2021-03-30,https://www.sec.gov/Archives/edgar/data/1477720/000147772021000007/asan-20210131.htm
1,929940_2021,379853000.0,,768317000.0,1454000000.0,5610000.0,159852000.0,141530000.0,67912160.0,1778133000.0,1454000000.0,649225000.0,290824000.0,319803000.0,48535000.0,,114959000.0,,,,445892000.0,,,319803000.0,,,,2021-08-18,https://www.sec.gov/Archives/edgar/data/929940/000092994021000060/azpn-20210630.htm
1,929940_2020,287796000.0,,650440000.0,1223306000.0,5963000.0,137055000.0,234498000.0,,1458330000.0,1223306000.0,537110000.0,279751000.0,229671000.0,48887000.0,120.93,114486000.0,,,,333114000.0,,,229671000.0,,,,2020-12-09,https://www.sec.gov/Archives/edgar/data/929940/000092994020000069/azpn-20200630x10k.htm
1,884144_2021,,,,,,,,,,,,,,,,,,,,,,,,,,,2021-03-11,https://www.sec.gov/Archives/edgar/data/884144/000162828021004536/asur-20201231.htm
1,769397_2021,1772.2,4.0,2699.2,7279.8,192.8,2706.5,3254.7,219.6,2578.9,7279.8,3453.3,2824.2,1208.2,635.5,,1440.3,,3790.4,242.1,629.1,,,1208.2,,,,2021-03-19,https://www.sec.gov/Archives/edgar/data/769397/000076939721000014/adsk-20210131.htm
1,769397_2020,1774.7,,2659.3,6179.3,161.7,2445.0,3219.2,219.4,2317.0,6179.3,2949.4,2606.4,214.5,576.7,,1310.3,,3274.3,223.9,343.0,,,214.5,,,,2020-03-19,https://www.sec.gov/Archives/edgar/data/769397/000076939720000013/adsk-0131202010xk.htm
1,8670_2021,13143.2,24371.7,40741.8,50279.3,684.5,2338.4,38094.8,423.7,5670.1,48772.5,,,2598.5,2244.5,,,,15005.4,8640.3,,,,2598.5,,,,2021-08-04,https://www.sec.gov/Archives/edgar/data/8670/000000867021000027/adp-20210630.htm
1,8670_2020,1908.5,21576.6,31564.1,39165.5,703.9,2309.4,30126.6,429.9,5752.2,39165.5,1808.7,,2466.5,2228.7,,,,14589.8,8445.1,,,,2466.5,,,,2020-08-05,https://www.sec.gov/Archives/edgar/data/8670/000000867020000032/adp-20200630.htm
1,1348036_2021,,,,,,,,,,,,,,,,,,,,,,,,,,,2021-02-25,https://www.sec.gov/Archives/edgar/data/1348036/000156459021008919/avlr-10k_20201231.htm
1,1348036_2020,,,,,,,,,,,,,,,,,,,,,,,,,,,2020-02-28,https://www.sec.gov/Archives/edgar/data/1348036/000156459020007791/avlr-10k_20191231.htm
1,1418100_2021,498000000.0,,1591000000.0,5985000000.0,295000000.0,1480000000.0,1097000000.0,84115602.0,1467000000.0,5985000000.0,1650000000.0,1470000000.0,-13000000.0,659000000.0,19.79,,,2973000000.0,752000000.0,180000000.0,,,-13000000.0,,,,2021-11-22,https://www.sec.gov/Archives/edgar/data/1418100/000141810021000095/avya-20210930.htm
1,1418100_2020,727000000.0,,1579000000.0,6231000000.0,268000000.0,1478000000.0,1137000000.0,83278383.0,1449000000.0,6231000000.0,1580000000.0,2035000000.0,37000000.0,580000000.0,16.0,,,2873000000.0,714000000.0,74000000.0,,,37000000.0,,,,2020-11-25,https://www.sec.gov/Archives/edgar/data/1418100/000141810020000143/avya-20200930.htm
1,1576169_2021,,,,,,,,,,,,,,,,,,,,,,,,,,,2021-03-10,https://www.sec.gov/Archives/edgar/data/1576169/000156459021011839/bnft-10k_20201231.htm
1,1031308_2021,,,,,,,,,,,,,,,,,,,,,,,,,,,2021-03-02,https://www.sec.gov/Archives/edgar/data/1031308/000162828021003727/bsy-20201231.htm
1,1786352_2021,509615000.0,2.5,3606037000.0,5969173000.0,48902000.0,1772043000.0,2325659000.0,94504000.0,2777155000.0,5969173000.0,176459000.0,290426000.0,-11.4,67834000.0,,71374000.0,,238265000.0,61806000.0,-113967000.0,,,-11.4,,,,2021-08-30,https://www.sec.gov/Archives/edgar/data/1786352/000156459021046383/bill-10k_20210630.htm
1,1786352_2020,573643000.0,0.5,2379449000.0,2404015000.0,13866000.0,,1676847000.0,79635000.0,857044000.0,2404015000.0,118456000.0,152654000.0,-8319000.0,27661000.0,,45356000.0,,157600000.0,39144000.0,-9715000.0,,,-8319000.0,,,,2020-08-31,https://www.sec.gov/Archives/edgar/data/1786352/000156459020041865/bill-10k_20200630.htm
1,1280058_2021,,,,,,,,,,,,,,61284000.0,,,,,,,,,,,,,2021-02-23,https://www.sec.gov/Archives/edgar/data/1280058/000128005821000006/blkb-20201231.htm
1,1280058_2020,,,,,,,,,,,,,,,,,,,,,,,,,,,2020-02-20,https://www.sec.gov/Archives/edgar/data/1280058/000128005820000011/a201910-k.htm
1,1666134_2021,,,,,,,,,,,,,,,,,,,,,,,,,,,2021-02-25,https://www.sec.gov/Archives/edgar/data/1666134/000166613421000004/bl-20201231.htm
1,1666134_2020,,,,,,,,,,,,,,,,,,,,,,,,,,,2020-02-27,https://www.sec.gov/Archives/edgar/data/1666134/000156459020007371/bl-10k_20191231.htm
1,1073349_2021,133932000.0,,261615000.0,815728000.0,68471000.0,246698000.0,155868000.0,43237000.0,819392000.0,815728000.0,274951000.0,282499000.0,-16288000.0,121555000.0,,119883000.0,,471403000.0,153308000.0,67488000.0,,,-16288000.0,,,,2021-08-30,https://www.sec.gov/Archives/edgar/data/1073349/000107334921000114/epay-20210630.htm
1,1073349_2020,194832000.0,,309643000.0,793137000.0,67155000.0,205713000.0,149998000.0,42172000.0,764906000.0,793137000.0,253135000.0,256567000.0,-3003000.0,116635000.0,,106429000.0,,442221000.0,136417000.0,67728000.0,,,-3003000.0,,,,2020-08-28,https://www.sec.gov/Archives/edgar/data/1073349/000107334920000095/epay-20200630.htm
1,1378590_2021,8852000.0,,10418000.0,34967000.0,252000.0,15985000.0,8335000.0,10187128.0,100207000.0,34967000.0,8726000.0,9909000.0,-6689000.0,463000.0,,2726000.0,,13259000.0,4533000.0,-1183000.0,,,-6689000.0,,,,2021-12-20,https://www.sec.gov/Archives/edgar/data/1378590/000143774921028984/blin20210827_10k.htm
1,813672_2021,928432000.0,,1478587000.0,3950785000.0,311125000.0,782087000.0,796808000.0,278941000.0,2493018000.0,3950785000.0,,,590644000.0,1005075000.0,,516460000.0,,2682891000.0,231026000.0,645552000.0,,,590644000.0,,,,2021-02-22,https://www.sec.gov/Archives/edgar/data/813672/000081367221000009/cdns-20210102.htm
1,813672_2020,,,,,,,,,,,,,,,,,,,,,,,,,,,2020-02-24,https://www.sec.gov/Archives/edgar/data/813672/000081367220000007/cdns1228201910-k.htm
1,1609702_2021,157.0,,562.3,2712.6,71.8,1297.1,368.3,121.5,480.8,2712.6,211.8,,1034.3,308.2,,,1586.5,1673.2,,425.3,,,1034.3,,,,2021-08-18,https://www.sec.gov/Archives/edgar/data/1609702/000160970221000058/cdk-20210630.htm
1,1609702_2020,215.7,,685.6,2854.1,109.1,1348.5,526.8,121.1,-596.1,2854.1,273.8,,207.5,384.3,,,2655.1,1960.1,,549.5,,,207.5,,,,2020-08-06,https://www.sec.gov/Archives/edgar/data/1609702/000160970220000015/cdk-20200630.htm
1,1768267_2021,,,287048000.0,1705728000.0,,1128511000.0,165309000.0,38025000.0,1031945000.0,1705728000.0,286108000.0,225514000.0,45893000.0,42380000.0,,38683000.0,,387182000.0,101074000.0,60594000.0,,,45893000.0,,,,2021-11-23,https://www.sec.gov/Archives/edgar/data/1768267/000156459021057931/crnc-10k_20210930.htm
1,1725057_2021,,,,,,,,,,,,,,,,,,,,,,,,,,,2021-02-26,https://www.sec.gov/Archives/edgar/data/1725057/000156459021009508/cday-10k_20201231.htm
1,1169652_2021,,,,,,,,,,,,,,,,,,,,,,,,,,,2021-02-11,https://www.sec.gov/Archives/edgar/data/1169652/000116965221000007/ecom-20201231.htm
1,1022505_2021,5783994.0,,6243826.0,6753826.0,,,1487732.0,,5266094.0,6753826.0,,,,,,96125.0,,15417.0,,,,,,,,,2021-12-21,https://www.sec.gov/Archives/edgar/data/1022505/000149315221032215/form10-k.htm
1,877890_2021,,,,,,,,,,,,,,,,,,,,,,,,,,,2021-02-08,https://www.sec.gov/Archives/edgar/data/877890/000087789021000051/ctxs-20201231.htm
1,877890_2020,,,,,,,,,,,,,,,,,,,,,,,,,,,2020-02-14,https://www.sec.gov/Archives/edgar/data/877890/000087789020000051/ctxs-20191231.htm
1,827876_2021,,,,,137592871.0,6820535.0,,,,,,,-21812010.0,145250853.0,,,,,,,,,-21812010.0,,,,2021-12-14,https://www.sec.gov/Archives/edgar/data/827876/000166357721000668/clsk10k.htm
1,827876_2020,,,,,117994.0,957388.0,,,,,,,-23346143.0,293554.0,,,,,,,,,-23346143.0,,,,2020-12-17,https://www.sec.gov/Archives/edgar/data/827876/000166357720000499/clsk10k.htm
1,1535379_2021,298672000.0,211464000.0,997921000.0,2508601000.0,18065000.0,599291000.0,663109000.0,291220735.0,2776690000.0,2508601000.0,680070000.0,836335000.0,-162734000.0,63045000.0,,420501000.0,,869258000.0,189188000.0,-156265000.0,,,-162734000.0,,,,2021-03-25,https://www.sec.gov/Archives/edgar/data/1535379/000162828021005632/cldr-20210131.htm
1,1535379_2020,107638000.0,200117000.0,707901000.0,2299790000.0,21988000.0,590361000.0,579948000.0,295167761.0,2923905000.0,2299790000.0,561689000.0,901443000.0,-64287000.0,59397000.0,,467541000.0,,794191000.0,232502000.0,-64437000.0,,,-64287000.0,,,,2020-03-27,https://www.sec.gov/Archives/edgar/data/1535379/000162828020004231/cldr-20200131.htm
1,1477333_2021,,,,,,,,,,,,,,,,,,,,,,,,,,,2021-02-25,https://www.sec.gov/Archives/edgar/data/1477333/000147733321000009/cloud-20201231.htm
1,1477333_2020,,,,,,,,,,,,,,,,,,,,,,,,,,,2020-03-04,https://www.sec.gov/Archives/edgar/data/1477333/000147733320000010/cloud-20191231.htm
1,1169561_2021,397237000.0,,607600000.0,904173000.0,112779000.0,112435000.0,373202000.0,46482000.0,1069695000.0,904173000.0,614099000.0,636362000.0,-30954000.0,183843000.0,,331948000.0,,723472000.0,109373000.0,-22263000.0,,,-30954000.0,,,,2021-05-13,https://www.sec.gov/Archives/edgar/data/1169561/000116956121000018/cvlt-20210331.htm
1,1169561_2020,288082000.0,,513686000.0,845076000.0,114519000.0,112435000.0,328554000.0,46011000.0,978659000.0,845076000.0,553807000.0,571315000.0,8935000.0,180562000.0,,335785000.0,,670885000.0,117078000.0,-17508000.0,,,8935000.0,,,,2020-05-15,https://www.sec.gov/Archives/edgar/data/1169561/000116956120000018/a2020033110k.htm
1,1401680_2021,,,,,,,,,,,,,,,,,,,,,,,,,,,2021-02-22,https://www.sec.gov/Archives/edgar/data/1401680/000140168021000011/csod-20201231.htm
1,1401680_2020,,,,,,,,,,,,,,,,,,,,,,,,,,,2020-02-25,https://www.sec.gov/Archives/edgar/data/1401680/000140168020000004/a10-k20191231q4.htm
1,1385867_2021,323284000.0,283036000.0,854251000.0,3105165000.0,28266000.0,1480847000.0,1061507000.0,72753659.0,1556865000.0,3105165000.0,319942000.0,486495000.0,,62125000.0,,236312000.0,,541643000.0,221701000.0,-95357000.0,,,,,,,2021-03-18,https://www.sec.gov/Archives/edgar/data/1385867/000138586721000011/coup-20210131.htm
1,1385867_2020,268045000.0,499160000.0,929331000.0,1594073000.0,18802000.0,442112000.0,510768000.0,,790468000.0,1594073000.0,250503000.0,323928000.0,,42018000.0,,155216000.0,,389719000.0,139216000.0,-15869000.0,,,,,,,2020-03-20,https://www.sec.gov/Archives/edgar/data/1385867/000156459020011878/coup-10k_20200131.htm
1,1535527_2021,,,2292274000.0,2732533000.0,167014000.0,83566000.0,863553000.0,195039000.0,870574000.0,2732533000.0,644893000.0,737422000.0,-21403000.0,255548000.0,,401316000.0,,,229545000.0,-92529000.0,,,-21403000.0,,,,2021-03-18,https://www.sec.gov/Archives/edgar/data/1535527/000153552721000007/crwd-20210131.htm
1,1535527_2020,,,1171636000.0,1404906000.0,136078000.0,7722000.0,493096000.0,107666000.0,742107000.0,1404906000.0,339786000.0,485851000.0,-21899000.0,185742000.0,,288276000.0,,,141627000.0,-146065000.0,,,-21899000.0,,,,2020-03-23,https://www.sec.gov/Archives/edgar/data/1535527/000153552720000006/crwd-20200131.htm
1,1724570_2021,,,,,,,,,,,,,,,,,,,,,,,,,,,2021-03-11,https://www.sec.gov/Archives/edgar/data/1724570/000172457021000015/msp-20201231.htm
1,317788_2021,30778000.0,,97385000.0,260369000.0,13050000.0,80176000.0,111149000.0,89949847.0,373310000.0,260369000.0,,,54884000.0,23632000.0,,19304000.0,,313579000.0,178649000.0,59209000.0,,,54884000.0,,,,2021-06-10,https://www.sec.gov/Archives/edgar/data/317788/000162828021012023/apps-20210331.htm
1,1261333_2021,566055000.0,584479000.0,1162348000.0,2336507000.0,165039000.0,350151000.0,1093173000.0,192807000.0,1702254000.0,2336507000.0,1088989000.0,1262844000.0,-243267000.0,260595000.0,,798625000.0,,1453047000.0,364058000.0,-173855000.0,,,-243267000.0,,,,2021-03-31,https://www.sec.gov/Archives/edgar/data/1261333/000126133321000059/docu-20210131.htm
1,1261333_2020,241203000.0,820092000.0,943890000.0,1891138000.0,128293000.0,194882000.0,693965000.0,181254000.0,1685167000.0,1891138000.0,730737000.0,924246000.0,-208359000.0,176626000.0,,591379000.0,,973971000.0,243234000.0,-193509000.0,,,-208359000.0,,,,2020-03-27,https://www.sec.gov/Archives/edgar/data/1261333/000126133320000033/docu-20200131.htm
1,1505952_2021,90794000.0,,165176000.0,216438000.0,14745000.0,9478000.0,185922000.0,27271435.0,1038006000.0,216438000.0,153432000.0,226517000.0,-9426000.0,37128000.0,,117335000.0,,210180000.0,56748000.0,-73085000.0,,,-9426000.0,,,,2021-04-01,https://www.sec.gov/Archives/edgar/data/1505952/000150595221000007/domo-20210131.htm
1,1467623_2021,,,,,,,,,,,,,,,,,,,,,,,,,,,2021-02-19,https://www.sec.gov/Archives/edgar/data/1467623/000146762321000012/dbx-20201231.htm
1,1467623_2020,,,,,,,,,,,,,,,,,,,,,,,,,,,2020-02-21,https://www.sec.gov/Archives/edgar/data/1467623/000146762320000011/a12311910-k.htm
1,1160951_2021,185657000.0,,451071000.0,844133000.0,14305000.0,272455000.0,87656000.0,,730738000.0,844133000.0,150264000.0,165630000.0,-357000.0,26562000.0,,54124000.0,,260350000.0,110086000.0,-544000.0,,,-357000.0,,,,2021-10-29,https://www.sec.gov/Archives/edgar/data/1160951/000156459021052973/dct-10k_20210831.htm
1,1773383_2021,324962000.0,,680282000.0,2256218000.0,36916000.0,1271195000.0,647911000.0,283130238.0,1653328000.0,2256218000.0,575801000.0,483905000.0,75714000.0,61763000.0,,245487000.0,,703509000.0,127708000.0,91896000.0,,,75714000.0,,,,2021-05-28,https://www.sec.gov/Archives/edgar/data/1773383/000177338321000054/dt-20210331.htm
1,1773383_2020,213170000.0,,469925000.0,2042080000.0,31508000.0,1270733000.0,488900000.0,280853040.0,1573347000.0,2042080000.0,416872000.0,588811000.0,-418024000.0,51902000.0,,266175000.0,,545803000.0,128931000.0,-171939000.0,,,-418024000.0,,,,2020-05-27,https://www.sec.gov/Archives/edgar/data/1773383/000177338320000053/dynatrace10-kfy20.htm
1,814549_2021,,,,,,,,,,,,,,,,,,,,,,,,,,,2021-04-27,https://www.sec.gov/Archives/edgar/data/814549/000162828021007671/ebix-20201231.htm
1,814549_2020,,,,,,,,,,,,,,,33.44,,,,,,,,,,,,2020-03-02,https://www.sec.gov/Archives/edgar/data/814549/000081454920000006/ebix-2019x10kclassic.htm
1,1707753_2021,400814000.0,,637214000.0,973172000.0,8881000.0,198851000.0,450015000.0,90533985.0,1071675000.0,973172000.0,447435000.0,576913000.0,-129434000.0,19339000.0,,273877000.0,,608489000.0,161054000.0,-129478000.0,,,-129434000.0,,,,2021-06-25,https://www.sec.gov/Archives/edgar/data/1707753/000170775321000026/estc-20210430.htm
1,1707753_2020,297081000.0,,480239000.0,803911000.0,7760000.0,197877000.0,321424000.0,82856978.0,898788000.0,803911000.0,304930000.0,476035000.0,-167174000.0,20825000.0,,219040000.0,,427620000.0,122690000.0,-171105000.0,,,-167174000.0,,,,2020-06-26,https://www.sec.gov/Archives/edgar/data/1707753/000162828020009982/estc-20200430.htm
1,1337619_2021,,,,,,,,,,,,,,,,,,,,,,,,,,,2021-02-26,https://www.sec.gov/Archives/edgar/data/1337619/000162828021003457/env-20201231.htm
1,1337619_2020,,,,,,,,,,,,,,,,,,,,,,,,,,,2020-02-28,https://www.sec.gov/Archives/edgar/data/1337619/000162828020002576/env-2019123110xk.htm
1,1437352_2021,,,,,,,,,,,,,,,,,,,,,,,,,,,2021-02-26,https://www.sec.gov/Archives/edgar/data/1437352/000156459021009422/evbg-10k_20201231.htm
1,1437352_2020,,,,,,,,,,,,,,,,,,,,,,,,,,,2020-02-28,https://www.sec.gov/Archives/edgar/data/1437352/000156459020007797/evbg-10k_20191231.htm
1,814547_2021,195354000.0,,550974000.0,1567776000.0,27913000.0,788185000.0,559207000.0,27568000.0,2585143000.0,1567776000.0,,,392084000.0,,397.93,,,1316536000.0,,560684000.0,,,392084000.0,,,,2021-11-10,https://www.sec.gov/Archives/edgar/data/814547/000081454721000019/fico-20210930.htm
1,814547_2020,157394000.0,,534078000.0,1606240000.0,46419000.0,812364000.0,414511000.0,,2193059000.0,1606240000.0,280680000.0,,236411000.0,,425.38,,,1294562000.0,,454310000.0,,,236411000.0,,,,2020-11-12,https://www.sec.gov/Archives/edgar/data/814547/000081454720000012/fico10-k2020.htm
1,922521_2021,,,,,,,,,,,,,,,,,,,,,,,,,,,2021-03-10,https://www.sec.gov/Archives/edgar/data/922521/000162828021004460/falc-20201231.htm
1,1517413_2021,,,,,,,,,,,,,,,,,,,,,,,,,,,2021-03-01,https://www.sec.gov/Archives/edgar/data/1517413/000151741321000030/fsly-20201231.htm
1,1517413_2020,,,,,,,,,,,,,,,,,,,,,,,,,,,2020-03-04,https://www.sec.gov/Archives/edgar/data/1517413/000151741320000043/fsly-10kx123119.htm
1,1370880_2021,,,,,,,,,,,,,,,,,,,,,,,,,,,2021-02-26,https://www.sec.gov/Archives/edgar/data/1370880/000137088021000010/feye-20201231.htm
1,1370880_2020,,,,,,,,,,,,,,,,,,,,,,,,,,,2020-02-21,https://www.sec.gov/Archives/edgar/data/1370880/000137088020000008/a10-kxfeyex20191231.htm
1,1288847_2021,,,,,,,,,,,,,,,,,,,,,,,,,,,2021-03-01,https://www.sec.gov/Archives/edgar/data/1288847/000128884721000029/fivn-20201231.htm
1,1288847_2020,,,,,,,,,,,,,,,,,,,,,,,,,,,2020-02-27,https://www.sec.gov/Archives/edgar/data/1288847/000128884720000028/fivn-20191231.htm
1,1262039_2021,,,,,,,,,,,,,,,,,,,,,,,,,,,2021-02-19,https://www.sec.gov/Archives/edgar/data/1262039/000126203921000008/ftnt-20201231.htm
1,1262039_2020,,,,,,,,,,,,,,,,,,,,,,,,,,,2020-02-26,https://www.sec.gov/Archives/edgar/data/1262039/000126203920000011/ftnt-201910xk.htm
1,1682325_2021,,,,,,,,,,,,,,,,,,,,,,,,,,,2021-02-19,https://www.sec.gov/Archives/edgar/data/1682325/000155837021001283/gtyhu-20201231x10k.htm
1,1528396_2021,384910000.0,,1355285000.0,2321845000.0,80061000.0,340877000.0,300314000.0,83194157.0,1617204000.0,2321845000.0,368213000.0,473797000.0,,130939000.0,115.2,160544000.0,,743267000.0,375054000.0,-105584000.0,,,,,,,2021-09-24,https://www.sec.gov/Archives/edgar/data/1528396/000152839621000095/gwre-20210731.htm
1,1528396_2020,366969000.0,,1343218000.0,2364852000.0,65235000.0,340877000.0,225198000.0,83461925.0,1656768000.0,2364852000.0,404292000.0,428178000.0,,101251000.0,117.66,142420000.0,,742307000.0,338015000.0,-23886000.0,,,,,,,2020-09-28,https://www.sec.gov/Archives/edgar/data/1528396/000152839620000053/gwre-20200731.htm
1,1404655_2021,,,,,,,,,,,,,,,,,,,,,,,,,,,2021-02-16,https://www.sec.gov/Archives/edgar/data/1404655/000156459021006083/hubs-10k_20201231.htm
1,1404655_2020,,,,,,,,,,,,,,,,,,,,,,,,,,,2020-02-12,https://www.sec.gov/Archives/edgar/data/1404655/000156459020004381/hubs-10k_20191231.htm
1,837852_2021,,,,,,,,,,,10.0,,,,2.15,,,,,,,,,,,,2021-03-31,https://www.sec.gov/Archives/edgar/data/837852/000110465921044740/idex-20201231x10k.htm
1,896878_2021,2562000000.0,1508000000.0,5157000000.0,15516000000.0,780000000.0,5613000000.0,2655000000.0,273235000.0,12296000000.0,15516000000.0,,,2062000000.0,2120000000.0,,2644000000.0,,9633000000.0,1564000000.0,5381000000.0,,,2062000000.0,,,,2021-09-08,https://www.sec.gov/Archives/edgar/data/896878/000089687821000233/intu-20210731.htm
1,896878_2020,6442000000.0,808000000.0,7980000000.0,10931000000.0,734000000.0,1654000000.0,3529000000.0,261740000.0,10885000000.0,10931000000.0,,1163000000.0,1826000000.0,2028000000.0,,2048000000.0,,,1284000000.0,4186000000.0,,,1826000000.0,,,,2020-08-31,https://www.sec.gov/Archives/edgar/data/896878/000089687820000148/fy20q410-kdocument.htm
1,829323_2021,,,,,,,,,,,,,,,,,,,,,,,,,,,2021-02-11,https://www.sec.gov/Archives/edgar/data/829323/000082932321000010/inuv-20201231.htm
1,829323_2020,,,,,,,,,,,,,,,,,,,,,,,,,,,2020-05-12,https://www.sec.gov/Archives/edgar/data/829323/000082932320000042/inuv-20191231.htm
1,1084048_2021,,,,,,,,,,,,,,,,,,,,,,,,,,,2021-03-01,https://www.sec.gov/Archives/edgar/data/1084048/000108404821000012/jcom-20201231.htm
1,1084048_2020,,,,,,,,,,,,,,,,,,,,,,,,,,,2020-03-02,https://www.sec.gov/Archives/edgar/data/1084048/000108404820000012/jcom2019123110-k.htm
1,807882_2021,,,168958000.0,1750137000.0,322914000.0,47774000.0,329066000.0,,1764412000.0,1750137000.0,,,165755000.0,1133038000.0,,,1273420000.0,,,289946000.0,,,165755000.0,,,,2021-11-23,https://www.sec.gov/Archives/edgar/data/807882/000080788221000016/jack-20211003.htm
1,807882_2020,,,335581000.0,1906494000.0,335982000.0,47161000.0,340354000.0,,1636211000.0,1906494000.0,,,89764000.0,1132430000.0,,,1376913000.0,,13059000.0,230584000.0,,,89764000.0,,,,2020-11-18,https://www.sec.gov/Archives/edgar/data/807882/000080788220000018/jack-20200927.htm
1,1721947_2021,,,,,,,,,,,,,,,,,,,,,,,,,,,2021-03-04,https://www.sec.gov/Archives/edgar/data/1721947/000155837021002391/jamf-20201231x10k.htm
1,1102993_2021,,,,,,,,,,,,,,,,,,,,,,,,,,,2021-03-08,https://www.sec.gov/Archives/edgar/data/1102993/000110299321000031/lpsn-20201231.htm
1,1102993_2020,,,,,,,,,,,,,,,,,,,,,,,,,,,2020-03-02,https://www.sec.gov/Archives/edgar/data/1102993/000110299320000017/a201910-kliveperson.htm
1,1056696_2021,,,,,,,,,,,,,,,,,,,,,,,,,,,2021-02-05,https://www.sec.gov/Archives/edgar/data/1056696/000156459021004542/manh-10k_20201231.htm
1,1056696_2020,,,,,,,,,,,,,,,,,,,,,,,,,,,2020-02-10,https://www.sec.gov/Archives/edgar/data/1056696/000156459020003915/manh-10k_20191231.htm
1,1540184_2021,428328000.0,254061000.0,918762000.0,1401649000.0,40668000.0,262942000.0,387183000.0,154995819.0,1136534000.0,1401649000.0,306537000.0,444565000.0,-48770000.0,104214000.0,,225414000.0,,477221000.0,,-41203000.0,,,-48770000.0,,,,2021-03-22,https://www.sec.gov/Archives/edgar/data/1540184/000154018421000004/mdla-20210131.htm
1,1540184_2020,226866000.0,,539307000.0,731649000.0,34879000.0,79324000.0,324151000.0,132346402.0,878843000.0,731649000.0,257274000.0,372204000.0,-31870000.0,79527000.0,,180711000.0,,402463000.0,,-32766000.0,,,-31870000.0,,,,2020-03-19,https://www.sec.gov/Archives/edgar/data/1540184/000154018420000011/mdla-20200131.htm
1,789019_2021,14224000000.0,122008000000.0,184406000000.0,333779000000.0,59715000000.0,49711000000.0,88657000000.0,7519000000.0,141988000000.0,333779000000.0,115856000000.0,,61271000000.0,111066000000.0,,20117000000.0,,168088000000.0,52232000000.0,69916000000.0,,,61271000000.0,,,,2021-07-29,https://www.sec.gov/Archives/edgar/data/789019/000156459021039151/msft-10k_20210630.htm
1,789019_2020,13576000000.0,129798000000.0,181915000000.0,301311000000.0,44151000000.0,43351000000.0,72310000000.0,7571000000.0,118304000000.0,301311000000.0,96937000000.0,,44281000000.0,87348000000.0,,19598000000.0,,143015000000.0,46078000000.0,52959000000.0,,,44281000000.0,,,,2020-07-30,https://www.sec.gov/Archives/edgar/data/789019/000156459020034944/msft-10k_20200630.htm
1,1050446_2021,,,,,,,,,,,,,,,,,,,,,,,,,,,2021-02-12,https://www.sec.gov/Archives/edgar/data/1050446/000156459021005783/mstr-10k_20201231.htm
1,1050446_2020,,,,,,,,,,,,,,,,,,,,,,,,,,,2020-02-14,https://www.sec.gov/Archives/edgar/data/1050446/000156459020004679/mstr-10k_20191231.htm
1,807863_2021,30312000.0,197108000.0,204056000.0,419693000.0,3671000.0,63096000.0,39209000.0,44169000.0,199935000.0,419693000.0,,26145000.0,7978000.0,8417000.0,15.16,32497000.0,,119797000.0,12072000.0,13277000.0,,,7978000.0,,,,2021-12-13,https://www.sec.gov/Archives/edgar/data/807863/000080786321000098/mitk-20210930.htm
1,807863_2020,19986000.0,41998000.0,84126000.0,169154000.0,3610000.0,35669000.0,24356000.0,41780000.0,146518000.0,169154000.0,,20991000.0,7814000.0,9165000.0,,27646000.0,,101310000.0,9889000.0,8868000.0,,,7814000.0,,,,2020-12-07,https://www.sec.gov/Archives/edgar/data/807863/000080786320000136/mitk-20200930.htm
1,1576914_2021,45489000.0,,77226000.0,171146000.0,17370000.0,43938000.0,32697000.0,605579000.0,123394000.0,171146000.0,83029000.0,64831000.0,14595000.0,53448000.0,,11344000.0,,126894000.0,43865000.0,18198000.0,,,14595000.0,,,,2021-06-14,https://www.sec.gov/Archives/edgar/data/1576914/000162828021012152/mixt-20210331.htm
1,1576914_2020,17953000.0,,53398000.0,143655000.0,23541000.0,37923000.0,27534000.0,600934000.0,99020000.0,143655000.0,92635000.0,71587000.0,10987000.0,52824000.0,,13324000.0,,145650000.0,53015000.0,21048000.0,,,10987000.0,,,,2020-07-23,https://www.sec.gov/Archives/edgar/data/1576914/000162828020010583/mixt-20200331.htm
1,1118417_2021,165467000.0,,222330000.0,363790000.0,1907000.0,65665000.0,96459000.0,36059000.0,380528000.0,363790000.0,106797000.0,121211000.0,-29737000.0,15081000.0,,43239000.0,,193445000.0,,-14414000.0,,,-29737000.0,,,,2021-11-19,https://www.sec.gov/Archives/edgar/data/1118417/000111841721000166/modn-20210930.htm
1,1118417_2020,200491000.0,,246398000.0,320290000.0,1034000.0,39283000.0,77666000.0,34821000.0,351952000.0,320290000.0,95560000.0,102166000.0,-13664000.0,16323000.0,,38979000.0,,161056000.0,,-6606000.0,,,-13664000.0,,,,2020-11-23,https://www.sec.gov/Archives/edgar/data/1118417/000111841720000129/modn-20200930.htm
1,1441816_2021,429697000.0,528045000.0,1141887000.0,1407495000.0,62364000.0,55830000.0,354541000.0,60898451.0,932332000.0,1407495000.0,413304000.0,622608000.0,-266944000.0,70309000.0,,325100000.0,,590380000.0,177076000.0,-209304000.0,,,-266944000.0,,,,2021-03-22,https://www.sec.gov/Archives/edgar/data/1441816/000144181621000051/mdb-20210131.htm
1,1441816_2020,706192000.0,280326000.0,1113196000.0,1328567000.0,58316000.0,55830000.0,242384000.0,57382543.0,752127000.0,1328567000.0,296364000.0,444230000.0,-175522000.0,63869000.0,,223893000.0,,421720000.0,125356000.0,-147866000.0,,,-175522000.0,,,,2020-03-27,https://www.sec.gov/Archives/edgar/data/1441816/000144181620000067/mdb-013120x10k.htm
1,1566895_2021,371425000.0,,442231000.0,563401000.0,29943000.0,57149000.0,115692000.0,93643759.0,425179000.0,563401000.0,116158000.0,158766000.0,-396000.0,39903000.0,,59731000.0,,204293000.0,88135000.0,-13856000.0,,,-396000.0,,,,2021-03-31,https://www.sec.gov/Archives/edgar/data/1566895/000156689521000007/ncno-20210131.htm
1,1448056_2021,240821000.0,575254000.0,1048256000.0,1398619000.0,91308000.0,144253000.0,462021000.0,63759000.0,1001309000.0,1398619000.0,486084000.0,657484000.0,-192610000.0,223709000.0,61.48,361702000.0,,667648000.0,,-171400000.0,,,-192610000.0,,,,2021-05-14,https://www.sec.gov/Archives/edgar/data/1448056/000144805621000025/newr-20210331.htm
1,1448056_2020,292523000.0,565511000.0,1000453000.0,1258434000.0,100294000.0,45112000.0,376582000.0,59838000.0,780479000.0,1258434000.0,496273000.0,581762000.0,-88937000.0,209888000.0,46.24,334319000.0,,599510000.0,,-85489000.0,,,-88937000.0,,,,2020-05-15,https://www.sec.gov/Archives/edgar/data/1448056/000144805620000014/newr-20200331.htm
1,849399_2021,933000000.0,17000000.0,1538000000.0,6361000000.0,78000000.0,2867000000.0,2136000000.0,580000000.0,2229000000.0,6361000000.0,2189000000.0,1293000000.0,554000000.0,633000000.0,21.42,576000000.0,,2551000000.0,,896000000.0,,,554000000.0,,,,2021-05-21,https://www.sec.gov/Archives/edgar/data/849399/000084939921000010/nlok-20210402.htm
1,849399_2020,2177000000.0,348000000.0,3079000000.0,7735000000.0,238000000.0,2585000000.0,2622000000.0,589000000.0,3356000000.0,7735000000.0,2097000000.0,1742000000.0,3887000000.0,1078000000.0,18.29,701000000.0,,2490000000.0,,355000000.0,,,3887000000.0,,,,2020-05-28,https://www.sec.gov/Archives/edgar/data/849399/000084939920000004/nlokfy2010-k.htm
1,1002517_2021,187307000.0,,603545000.0,3386653000.0,146660000.0,2155270000.0,928349000.0,315651000.0,2054994000.0,3386653000.0,833388000.0,750669000.0,-26726000.0,373763000.0,55.04,294538000.0,494925000.0,,528991000.0,82719000.0,,,-26726000.0,,,,2021-11-18,https://www.sec.gov/Archives/edgar/data/1002517/000100251721000052/nuan-20210930.htm
1,1002517_2020,301233000.0,,735985000.0,3593332000.0,143428000.0,2133712000.0,986142000.0,,1550568000.0,3593332000.0,839960000.0,727372000.0,54877000.0,408494000.0,33.19,273324000.0,1104464000.0,,638939000.0,112588000.0,,,54877000.0,,,,2020-11-19,https://www.sec.gov/Archives/edgar/data/1002517/000100251720000058/nuan0930202010-k.htm
1,1618732_2021,,,,,,,,,,,,,,,,,,,,,,,,,,,2021-09-21,https://www.sec.gov/Archives/edgar/data/1618732/000095017021001852/ntnx-20210731.htm
1,1618732_2020,318737000.0,,1094020000.0,1768547000.0,143172000.0,185260000.0,760203000.0,201949000.0,2245180000.0,1768547000.0,1020993000.0,1849914000.0,-185348000.0,394397000.0,22.19,1160389000.0,,1307682000.0,286689000.0,-171352000.0,,,-185348000.0,,,,2020-09-23,https://www.sec.gov/Archives/edgar/data/1618732/000161873220000112/ntnx-20200731.htm
1,746210_2021,,,,,,,,26618048.0,,,,,,,,,,,,,,,,,,,2021-03-30,https://www.sec.gov/Archives/edgar/data/746210/000074621021000024/glow-20201231.htm
1,1660134_2021,434607000.0,2432841000.0,2878567000.0,3298797000.0,62783000.0,48023000.0,1545614000.0,122824000.0,1656096000.0,3298797000.0,617743000.0,821902000.0,-17440000.0,85052000.0,259.01,427350000.0,,835424000.0,217681000.0,-204159000.0,,,-17440000.0,,,,2021-03-04,https://www.sec.gov/Archives/edgar/data/1660134/000166013421000007/okta-20210131.htm
1,1660134_2020,520048000.0,882976000.0,1599725000.0,1955395000.0,53535000.0,48023000.0,546963000.0,,1105564000.0,1955395000.0,426685000.0,612517000.0,-16775000.0,69944000.0,128.05,340356000.0,,586067000.0,159382000.0,-185832000.0,,,-16775000.0,,,,2020-03-06,https://www.sec.gov/Archives/edgar/data/1660134/000166013420000006/okta-131202010k.htm
1,1044777_2021,,,,,,,,,,,,,,,,,,,,,,,,,,,2021-02-25,https://www.sec.gov/Archives/edgar/data/1044777/000155837021001842/ospn-20201231x10k.htm
1,1568100_2021,339166000.0,221112000.0,638314000.0,795443000.0,12639000.0,72126000.0,172694000.0,82882424.0,614494000.0,795443000.0,182870000.0,249152000.0,-68903000.0,23701000.0,,122155000.0,,213556000.0,30686000.0,-66282000.0,,,-68903000.0,,,,2021-03-19,https://www.sec.gov/Archives/edgar/data/1568100/000156810021000011/pd-20210131.htm
1,1568100_2020,124024000.0,199340000.0,404991000.0,435398000.0,12369000.0,,115032000.0,77793540.0,487008000.0,435398000.0,141772000.0,197331000.0,-50339000.0,19617000.0,,97350000.0,,166351000.0,24579000.0,-55559000.0,,,-50339000.0,,,,2020-03-19,https://www.sec.gov/Archives/edgar/data/1568100/000156810020000013/pagerdutyq42020-10k.htm
1,1327567_2021,1874.2,2182.9,4647.3,10241.6,318.4,2710.1,5116.7,97.3,634.5,10241.6,2981.2,3285.3,-498.9,717.4,,1753.8,,4256.1,1274.9,-304.1,,,-498.9,,,,2021-09-03,https://www.sec.gov/Archives/edgar/data/1327567/000132756721000029/panw-20210731.htm
1,1327567_2020,2958.0,1686.2,5129.2,9065.4,348.1,1812.9,2691.7,96.3,1101.8,9065.4,2408.9,2587.9,-58.9,669.1,,1520.2,,3408.4,999.5,-17.8,,,-58.9,,,,2020-09-04,https://www.sec.gov/Archives/edgar/data/1327567/000132756720000032/panw-20200731.htm
1,1084384_2021,,,,,,,,,,,,,,,,,,,,,,,,,,,2021-06-17,https://www.sec.gov/Archives/edgar/data/1084384/000162828021012457/teum-20201231.htm
1,723531_2021,995.2,3020.2,6169.5,9227.2,395.8,1820.7,4938.2,359.8,2948.0,9227.2,,,,1361.9,,,,3997.5,,1460.7,,,,,,,2021-07-16,https://www.sec.gov/Archives/edgar/data/723531/000072353121000035/payx-20210531x10k.htm
1,723531_2020,905.2,2757.2,5464.6,8550.7,407.4,1791.1,4426.9,358.8,2781.4,8550.7,,,,1364.6,,,,3953.6,,1460.5,,,,,,,2020-07-17,https://www.sec.gov/Archives/edgar/data/723531/000072353120000048/payx-20200531x10k.htm
1,1590955_2021,,,,,,,,,,,,,,,,,,,,,,,,,,,2021-02-18,https://www.sec.gov/Archives/edgar/data/1590955/000156459021006660/payc-10k_20201231.htm
1,1590955_2020,,,,,,,,,,,,,,,,,,,,,,,,,,,2020-02-13,https://www.sec.gov/Archives/edgar/data/1590955/000156459020004636/payc-10k_20191231.htm
1,1591698_2021,202287000.0,20539000.0,2032883000.0,2414885000.0,59835000.0,33650000.0,1867016000.0,54594000.0,476930000.0,2414885000.0,416329000.0,358286000.0,70819000.0,122589000.0,,161808000.0,,631725000.0,219298000.0,58043000.0,,,70819000.0,,,,2021-08-06,https://www.sec.gov/Archives/edgar/data/1591698/000155837021010711/pcty-20210630x10k.htm
1,1591698_2020,250851000.0,123177000.0,1663154000.0,1985648000.0,66737000.0,21655000.0,1408940000.0,53792000.0,392908000.0,1985648000.0,379319000.0,313148000.0,64455000.0,118046000.0,,145134000.0,,546212000.0,182010000.0,66171000.0,,,64455000.0,,,,2020-08-07,https://www.sec.gov/Archives/edgar/data/1591698/000155837020009960/pcty-20200630x10k.htm
1,1013857_2021,,,,,,,,,,,,,,,,,,,,,,,,,,,2021-02-17,https://www.sec.gov/Archives/edgar/data/1013857/000101385721000032/pega-20201231.htm
1,1013857_2020,,,,,,,,,,,,,,,,,,,,,,,,,,,2020-02-12,https://www.sec.gov/Archives/edgar/data/1013857/000101385720000007/q4201910k.htm
1,1679826_2021,,,,,,,,,,,,,,,,,,,,,,,,,,,2021-02-24,https://www.sec.gov/Archives/edgar/data/1679826/000155837021001638/ping-20201231x10k.htm
1,1679826_2020,,,,,,,,,,,,,,,,,,,,,,,,,,,2020-03-04,https://www.sec.gov/Archives/edgar/data/1679826/000155837020002034/ping-20191231x10ke3d03d.htm
1,1725579_2021,,,,,,,,,,,,,,,,,,,,,,,,,,,2021-02-26,https://www.sec.gov/Archives/edgar/data/1725579/000172557921000010/ps-20201231.htm
1,1725579_2020,,,,,,,,,,,,,,,,,,,,,,,,,,,2020-02-25,https://www.sec.gov/Archives/edgar/data/1725579/000172557920000008/ps10-k123119.htm
1,876167_2021,,,,,,,,,,,,,,,,,,,,,,,,,,,2021-01-27,https://www.sec.gov/Archives/edgar/data/876167/000087616721000030/prgs-20201130.htm
1,876167_2020,,,,,,,,,,,,,,,,,,,,,,,,,,,2020-01-27,https://www.sec.gov/Archives/edgar/data/876167/000087616720000027/a201910-kmaster.htm
1,1212458_2021,,,,,,,,,,,,,,,,,,,,,,,,,,,2021-02-19,https://www.sec.gov/Archives/edgar/data/1212458/000156459021006943/pfpt-10k_20201231.htm
1,1212458_2020,,,,,,,,,,,,,,,,,,,,,,,,,,,2020-02-20,https://www.sec.gov/Archives/edgar/data/1212458/000156459020005557/pfpt-10k_20191231.htm
1,1392972_2021,,,,,,,,,,,,,,,,,,,,,,,,,,,2021-02-12,https://www.sec.gov/Archives/edgar/data/1392972/000139297221000039/pro-20201231.htm
1,1392972_2020,,,,,,,,,,,,,,,,,,,,,,,,,,,2020-02-19,https://www.sec.gov/Archives/edgar/data/1392972/000139297220000059/pro-20191231x10k.htm
1,857005_2021,326532000.0,,1073010000.0,4507560000.0,100237000.0,2191887000.0,779282000.0,117163000.0,2038468000.0,4507560000.0,1436057000.0,1055309000.0,476923000.0,478231000.0,,517779000.0,,1807159000.0,587715000.0,380748000.0,,,476923000.0,,,,2021-11-22,https://www.sec.gov/Archives/edgar/data/857005/000156459021057806/ptc-10k_20210930.htm
1,857005_2020,275458000.0,59099000.0,833447000.0,3382738000.0,101499000.0,1625786000.0,680760000.0,116125000.0,1602728000.0,3382738000.0,1124144000.0,913281000.0,130695000.0,460526000.0,,435451000.0,,1458415000.0,522481000.0,210863000.0,,,130695000.0,,,,2020-11-20,https://www.sec.gov/Archives/edgar/data/857005/000156459020054803/ptc-10k_20200930.htm
1,1410384_2021,,,,,,,,,,,,,,,,,,,,,,,,,,,2021-02-19,https://www.sec.gov/Archives/edgar/data/1410384/000141038421000022/qtwo-20201231.htm
1,1410384_2020,,,,,,,,,,,,,,,,,,,,,,,,,,,2020-02-21,https://www.sec.gov/Archives/edgar/data/1410384/000141038420000025/a191231qtwo10k.htm
1,1036188_2021,142501000.0,,248033000.0,350787000.0,25598000.0,25336000.0,179484000.0,17375000.0,205630000.0,350787000.0,182493000.0,169795000.0,11065000.0,68194000.0,,71779000.0,,,125372000.0,12698000.0,,,11065000.0,,,,2021-04-13,https://www.sec.gov/Archives/edgar/data/1036188/000143774921008761/qada20210131_10k.htm
1,1107843_2021,,,,,,,,,,,,,,,,,,,,,,,,,,,2021-02-22,https://www.sec.gov/Archives/edgar/data/1107843/000143774921003648/qlys20201231_10k.htm
1,1107843_2020,,,,,,,,,,,,,,,,,,,,,,,,,,,2020-02-21,https://www.sec.gov/Archives/edgar/data/1107843/000162828020001963/qlys-2019x1231x10kq412.htm
1,892482_2021,,,,,,,,,,,,,,,,,,,,,,,,,,,2021-03-10,https://www.sec.gov/Archives/edgar/data/892482/000089248221000008/qumu-20201231.htm
1,1560327_2021,,,,,,,,,,,,,,,,,,,,,,,,,,,2021-02-26,https://www.sec.gov/Archives/edgar/data/1560327/000156032721000043/rp-20201231.htm
1,1560327_2020,,,,,,,,,,,,,,,,,,,,,,,,,,,2020-02-28,https://www.sec.gov/Archives/edgar/data/1560327/000156032720000046/rp-20191231.htm
1,1046327_2021,,,,,,,,,,,,,,,,,,,,,,,,,,,2021-03-15,https://www.sec.gov/Archives/edgar/data/1046327/000104632721000018/rnwk-20201231.htm
1,1046327_2020,,,,,,,,,,,,,,,,,,,,,,,,,,,2020-03-30,https://www.sec.gov/Archives/edgar/data/1046327/000104632720000024/rnwk-20191231.htm
1,1286225_2021,,,,,,,,,,,,,,,,,,,,,,,,,,,2021-03-01,https://www.sec.gov/Archives/edgar/data/1286225/000128622521000007/rp-20201231.htm
1,1286225_2020,,,,,,,,,,,,,,,,,,,,,,,,,,,2020-03-02,https://www.sec.gov/Archives/edgar/data/1286225/000128622520000011/rp-20191231x10k.htm
1,1384905_2021,,,,,,,,,,,,,,,,,,,,,,,,,,,2021-02-26,https://www.sec.gov/Archives/edgar/data/1384905/000138490521000007/rng-20201231.htm
1,1384905_2020,,,,,,,,,,,,,,,,,,,,,,,,,,,2020-02-26,https://www.sec.gov/Archives/edgar/data/1384905/000138490520000008/rng-20191231x10k.htm
1,1167419_2021,,,,,,,,,,,,,,,19.13,,,,,,,,,,,,2021-03-31,https://www.sec.gov/Archives/edgar/data/1167419/000107997321000221/riot10k1220.htm
1,823546_2021,,,,,,,,,,,,2363582.0,-2363582.0,,,,,,,-2363582.0,,,-2363582.0,,,,2021-07-22,https://www.sec.gov/Archives/edgar/data/823546/000149315221017524/form10-k.htm
1,823546_2020,,,7838.0,7838.0,,,70315.0,,-62477.0,7838.0,,,-125039.0,,,,,,,-125039.0,,,-125039.0,,,,2020-06-26,https://www.sec.gov/Archives/edgar/data/823546/000149315220011893/form10-k.htm
1,1627857_2021,,,,,,,,,,,,,17.0,,,,,,,,,,17.0,,,,2021-02-25,https://www.sec.gov/Archives/edgar/data/1627857/000162828021003310/sail-20201231.htm
1,1627857_2020,,,,,,,,,,,,,,,,,,,,,,,,,,,2020-02-24,https://www.sec.gov/Archives/edgar/data/1627857/000156459020006045/sail-10k_20191231.htm
1,1108524_2021,6195000000.0,5771000000.0,21889000000.0,66301000000.0,2459000000.0,26318000000.0,17728000000.0,919000000.0,41493000000.0,66301000000.0,15814000000.0,15359000000.0,4072000000.0,4414000000.0,,9674000000.0,,21252000000.0,5438000000.0,455000000.0,,,4072000000.0,,,,2021-03-17,https://www.sec.gov/Archives/edgar/data/1108524/000110852422000008/crm-20210131.htm
1,1108524_2020,4145000000.0,3802000000.0,15963000000.0,55126000000.0,2375000000.0,25134000000.0,14845000000.0,893000000.0,33885000000.0,55126000000.0,12863000000.0,12566000000.0,126000000.0,4176000000.0,,7930000000.0,,17098000000.0,4235000000.0,297000000.0,,,126000000.0,,,,2020-03-05,https://www.sec.gov/Archives/edgar/data/1108524/000110852420000014/crm-20200131.htm
1,1019671_2021,5856000.0,252000.0,25889000.0,50408000.0,605000.0,10577000.0,12179000.0,,246446000.0,50408000.0,9930000.0,31451000.0,-21759000.0,10309000.0,,6420000.0,,21999000.0,8513000.0,-21521000.0,,,-21759000.0,,,,2021-04-15,https://www.sec.gov/Archives/edgar/data/1019671/000156459021018886/seac-10k_20210131.htm
1,1468666_2021,220300000.0,,346214000.0,1045361000.0,17143000.0,425861000.0,294340000.0,70000000.0,917344000.0,1045361000.0,318867000.0,351702000.0,-26.6,81727000.0,13.84,144934000.0,,561034000.0,242167000.0,-32835000.0,,,-26.6,,,,2021-03-25,https://www.sec.gov/Archives/edgar/data/1468666/000146866621000012/scwx-20210129.htm
1,1468666_2020,181838000.0,,321831000.0,1048031000.0,27606000.0,416487000.0,293392000.0,,896983000.0,1048031000.0,299969000.0,352143000.0,-45.3,81055000.0,15.73,157674000.0,,552765000.0,252796000.0,-52174000.0,,,-45.3,,,,2020-03-27,https://www.sec.gov/Archives/edgar/data/1468666/000146866620000019/scwx10-kfy2020x01312020.htm
1,1373715_2021,,,,,,,,,,,,,,,,,,536679000.0,,,,,,,,,2021-02-12,https://www.sec.gov/Archives/edgar/data/1373715/000137371521000061/now-20201231.htm
1,1373715_2020,,,,,,,,,,,,,,,,,,,,,,,,,,,2020-02-20,https://www.sec.gov/Archives/edgar/data/1373715/000137371520000072/now-20191231x10kxinpro.htm
1,1506439_2021,,,,,,,,,,,,,,,,,,,,,,,,,,,2021-03-30,https://www.sec.gov/Archives/edgar/data/1506439/000165495421003521/shsp_10k.htm
1,1351636_2021,,,,,,,,,,,,,,,,,,,,,,,,,,,2021-03-29,https://www.sec.gov/Archives/edgar/data/1351636/000156459021016134/ssti-10k_20201231.htm
1,1764925_2021,1081357000.0,505895000.0,1884393000.0,2433700000.0,87908000.0,76204000.0,697118000.0,501494000.0,834793000.0,2433700000.0,780918000.0,1064002000.0,-300422000.0,147571000.0,42.17,460709000.0,,902610000.0,,-283084000.0,,,-300422000.0,,,,2021-03-19,https://www.sec.gov/Archives/edgar/data/1764925/000176492521000050/work-20210131.htm
1,1764925_2020,499008000.0,269593000.0,970403000.0,1441706000.0,102340000.0,48598000.0,519940000.0,,708810000.0,1441706000.0,533231000.0,1121509000.0,-571058000.0,143923000.0,,402780000.0,,630422000.0,,-588278000.0,,,-571058000.0,,,,2020-03-12,https://www.sec.gov/Archives/edgar/data/1764925/000176492520000251/a1312010-k.htm
1,1366561_2021,442200000.0,,558372000.0,911789000.0,28613000.0,125605000.0,307723000.0,123272902.0,898366000.0,911789000.0,299974000.0,420446000.0,-114979000.0,44668000.0,,230281000.0,,385513000.0,85539000.0,-120472000.0,,,-114979000.0,,,,2021-03-25,https://www.sec.gov/Archives/edgar/data/1366561/000136656121000036/smar-20210131.htm
1,1366561_2020,515924000.0,,630962000.0,797714000.0,26981000.0,16497000.0,233240000.0,118194159.0,770518000.0,797714000.0,217982000.0,321756000.0,-95940000.0,48399000.0,,176060000.0,,270882000.0,52900000.0,-103774000.0,,,-95940000.0,,,,2020-03-31,https://www.sec.gov/Archives/edgar/data/1366561/000136656120000019/fy2020smar10-k.htm
1,948708_2021,,,,,,,,,,,,,,,,,,,,,,,,,,,2021-03-08,https://www.sec.gov/Archives/edgar/data/948708/000156459021011475/smsi-10k_20201231.htm
1,1640147_2021,820177000.0,4253162000.0,4300652000.0,5921739000.0,68968000.0,8449000.0,789264000.0,176543188.0,6175425000.0,5921739000.0,349461000.0,893398000.0,-539102000.0,80922000.0,,479317000.0,,592049000.0,242588000.0,-543937000.0,,,-539102000.0,,,,2021-03-31,https://www.sec.gov/Archives/edgar/data/1640147/000164014721000073/snow-20210131.htm
1,1739942_2021,,,,,,,,,,,,,,,,,,,,,,,,,,,2021-03-01,https://www.sec.gov/Archives/edgar/data/1739942/000173994221000043/swi-20201231.htm
1,1739942_2020,,,,,,,,,,,,,,,,,,,,,,,,,,,2020-02-24,https://www.sec.gov/Archives/edgar/data/1739942/000173994220000011/swi-2019123110xk.htm
1,1029744_2021,9989000.0,,17405000.0,24015000.0,2798000.0,,14016000.0,9052105.0,213278000.0,24015000.0,24873000.0,24066000.0,3077000.0,11166000.0,,11970000.0,,35167000.0,10294000.0,807000.0,,,3077000.0,,,,2021-12-09,https://www.sec.gov/Archives/edgar/data/1029744/000143774921028230/sofo20210930_10k.htm
1,1353283_2021,1771064000.0,87847000.0,3272380000.0,5868486000.0,182780000.0,1334888000.0,1524748000.0,163147139.0,4063885000.0,5868486000.0,1682040000.0,2462226000.0,,308521000.0,,1336056000.0,,2229385000.0,547345000.0,-780186000.0,,,,,,,2021-03-31,https://www.sec.gov/Archives/edgar/data/1353283/000135328321000009/splk-20210131.htm
1,1353283_2020,778653000.0,1005146000.0,2822815000.0,5439471000.0,156928000.0,1292840000.0,1312296000.0,,3566055000.0,5439471000.0,1929138000.0,2216275000.0,,280425000.0,,1263873000.0,,2358926000.0,429788000.0,-287137000.0,,,,,,,2020-03-26,https://www.sec.gov/Archives/edgar/data/1353283/000135328320000008/a01312010k.htm
1,1517375_2021,,,,,,,,,,,,,,,,,,,,,,,,,,,2021-02-24,https://www.sec.gov/Archives/edgar/data/1517375/000151737521000009/spt-20201231.htm
1,1092699_2021,,,,,,,,,,,,,,,,,,,,,,,,,,,2021-02-23,https://www.sec.gov/Archives/edgar/data/1092699/000156459021007614/spsc-10k_20201231.htm
1,1092699_2020,,,,,,,,,,,,,,,,,,,,,,,,,,,2020-02-25,https://www.sec.gov/Archives/edgar/data/1092699/000156459020006450/spsc-10k_20191231.htm
1,1402436_2021,,,,,,,,,,,,,,,,,,,,,,,,,,,2021-02-25,https://www.sec.gov/Archives/edgar/data/1402436/000156459021008862/ssnc-10k_20201231.htm
1,1402436_2020,,,,,,,,,,,,,,,,,,,,,,,,,,,2020-02-28,https://www.sec.gov/Archives/edgar/data/1402436/000156459020007695/ssnc-10k_20191231.htm
1,1643269_2021,404140000.0,,475310000.0,570507000.0,4156000.0,50672000.0,130773000.0,102484000.0,829238000.0,570507000.0,146145000.0,223804000.0,-80297000.0,9781000.0,,109190000.0,,202637000.0,,-77659000.0,,,-80297000.0,,,,2021-03-12,https://www.sec.gov/Archives/edgar/data/1643269/000164326921000006/sumo-20210131.htm
1,1739936_2021,,,,,,,,,,,,,,,,,,,,,,,,,,,2021-02-18,https://www.sec.gov/Archives/edgar/data/1739936/000156459021006682/svmk-10k_20201231.htm
1,1739936_2020,,,,,,,,,,,,,,,,,,,,,,,,,,,2020-02-27,https://www.sec.gov/Archives/edgar/data/1739936/000156459020007349/svmk-10k_20191231.htm
1,1131554_2021,,,,,,,,,,,,,,,,,,,,,,,,,,,2021-03-16,https://www.sec.gov/Archives/edgar/data/1131554/000113155421000012/sncr-20201231.htm
1,883241_2021,1432840000.0,172934000.0,2808341000.0,8752260000.0,472398000.0,3575785000.0,2413484000.0,153062000.0,5295137000.0,8752260000.0,3342416000.0,2607626000.0,757516000.0,1276745000.0,,712491000.0,,4204193000.0,542114000.0,1281389000.0,,,757516000.0,,,,2021-12-13,https://www.sec.gov/Archives/edgar/data/883241/000088324121000022/snps-20211031.htm
1,883241_2020,1235653000.0,,2549217000.0,8030062000.0,483818000.0,3365114000.0,2139922000.0,,4907404000.0,8030062000.0,2890591000.0,2270450000.0,664347000.0,1253348000.0,,632010000.0,,3685281000.0,487307000.0,1031630000.0,,,664347000.0,,,,2020-12-15,https://www.sec.gov/Archives/edgar/data/883241/000088324120000015/snps10312010-k.htm
1,1660280_2021,,,,,,,,,,,,,,,,,,,,,,,,,,,2021-02-23,https://www.sec.gov/Archives/edgar/data/1660280/000166028021000027/tenb-20201231.htm
1,1660280_2020,,,,,,,,,,,,,,,,,,,,,,,,,,,2020-02-28,https://www.sec.gov/Archives/edgar/data/1660280/000166028020000012/q42019tenablefinancial.htm
1,816761_2021,,,,,,,,,,,,,,,,,,,,,,,,,,,2021-02-26,https://www.sec.gov/Archives/edgar/data/816761/000081676121000009/tdc-20201231.htm
1,816761_2020,,,,,,,,,,,,,,,,,,,,,,,,,,,2020-02-28,https://www.sec.gov/Archives/edgar/data/816761/000081676120000008/tdc-12311910xk.htm
1,1671933_2021,,,,,,,,,,,,,,,,,,,,,,,,,,,2021-02-19,https://www.sec.gov/Archives/edgar/data/1671933/000156459021006726/ttd-10k_20201231.htm
1,1671933_2020,,,,,,,,,,,,,,,,,,,,,,,,,,,2020-02-28,https://www.sec.gov/Archives/edgar/data/1671933/000156459020007498/ttd-10k_20191231.htm
1,1447669_2021,,,,,,,,,,,,,,,,,,,,,,,,,,,2021-02-26,https://www.sec.gov/Archives/edgar/data/1447669/000144766921000070/twlo-20201231.htm
1,1447669_2020,,,,,,,,,,,,,,,,,,,,,,,,,,,2020-03-02,https://www.sec.gov/Archives/edgar/data/1447669/000144766920000045/twlo-20191231x10k.htm
1,860731_2021,,,,,,,,,,,,,,,,,,,,,,,,,,,2021-02-19,https://www.sec.gov/Archives/edgar/data/860731/000086073121000014/tyl-20201231.htm
1,860731_2020,,,,,,,,,,,,,,,,,,,,,,,,,,,2020-02-19,https://www.sec.gov/Archives/edgar/data/860731/000086073120000008/tyl12312019-10k.htm
1,1810806_2021,,,,,,,,,,,,,,,,,,,,,,,,,,,2021-03-05,https://www.sec.gov/Archives/edgar/data/1810806/000181080621000052/unity-20201231.htm
1,1505155_2021,,,,,,,,,,,,,,,,,,,,,,,,,,,2021-02-25,https://www.sec.gov/Archives/edgar/data/1505155/000150515521000011/upld-20201231.htm
1,1505155_2020,,,,,,,,,,,,,,,,,,,,,,,,,,,2020-03-02,https://www.sec.gov/Archives/edgar/data/1505155/000150515520000015/upld-20191231.htm
1,1361113_2021,,,,,,,,,,,,,,,,,,,,,,,,,,,2021-02-09,https://www.sec.gov/Archives/edgar/data/1361113/000162828021001677/vrns-20201231.htm
1,1361113_2020,,,,,,,,,,,,,,,,,,,,,,,,,,,2020-02-11,https://www.sec.gov/Archives/edgar/data/1361113/000162828020001362/vrns-12312019x10k.htm
1,1393052_2021,730504000.0,29558000.0,2310826000.0,3046067000.0,53650000.0,436029000.0,715952000.0,137062817.0,2266320000.0,3046067000.0,1056141000.0,678347000.0,379998000.0,83266000.0,276.44,235014000.0,,1465069000.0,408928000.0,377794000.0,,,379998000.0,,,,2021-03-30,https://www.sec.gov/Archives/edgar/data/1393052/000139305221000015/veev-20210131.htm
1,1393052_2020,,,,,,,,,,,,,,,,,,,,,,,,,,,2020-03-30,https://www.sec.gov/Archives/edgar/data/1393052/000162828020004385/veev-20200131x10k.htm
1,1166388_2021,663843000.0,51013000.0,1277742000.0,3261295000.0,106242000.0,1485590000.0,1163439000.0,65773000.0,1267437000.0,3261295000.0,858111000.0,749406000.0,-7267000.0,277610000.0,,,,1273705000.0,300528000.0,476819000.0,,,-7267000.0,,,,2021-03-31,https://www.sec.gov/Archives/edgar/data/1166388/000116638821000028/vrnt-20210131.htm
1,1166388_2020,,,,,,50741000.0,,,,,,,,,,,,,,,,,,,,,2020-03-31,https://www.sec.gov/Archives/edgar/data/1166388/000116638820000014/vrnt-20200131xform10xk.htm
1,1615165_2021,,,,,,,,,,,,,,,,,,,,,,,,,,,2021-03-05,https://www.sec.gov/Archives/edgar/data/1615165/000156459021011303/veri-10k_20201231.htm
1,1082324_2021,,,,,,,,,,,,,,,,,,,,,,,,,,,2021-03-16,https://www.sec.gov/Archives/edgar/data/1082324/000114036121008678/brhc10021150_10k.htm
1,1124610_2021,4692000000.0,,8612000000.0,29016000000.0,,9599000000.0,8386000000.0,307222000.0,9051000000.0,29016000000.0,,,2058000000.0,,137.85,3711000000.0,,11767000000.0,1292000000.0,2388000000.0,,,2058000000.0,,,,2021-03-26,https://www.sec.gov/Archives/edgar/data/1124610/000112461021000015/vmw-20210129.htm
1,1124610_2020,2915000000.0,,6691000000.0,26294000000.0,,9329000000.0,10324000000.0,307000000.0,7009000000.0,26294000000.0,,,6412000000.0,,148.06,3677000000.0,,10811000000.0,1233000000.0,1441000000.0,,,6412000000.0,,,,2020-03-26,https://www.sec.gov/Archives/edgar/data/1124610/000112461020000019/vmw-131202010xk.htm
1,1327811_2021,1384181000.0,2570850000.0,4802061000.0,8718411000.0,972403000.0,1819625000.0,4282648000.0,184000000.0,6254936000.0,8718411000.0,,4566595000.0,-71707000.0,1721586000.0,227.53,1233173000.0,,4317996000.0,611912000.0,-73311000.0,,,-71707000.0,,,,2021-03-02,https://www.sec.gov/Archives/edgar/data/1327811/000132781121000020/wday-20210131.htm
1,1327811_2020,731141000.0,1353949000.0,3094622000.0,6816365000.0,936179000.0,1819261000.0,2969404000.0,170000000.0,5090187000.0,6816365000.0,,4129436000.0,-134716000.0,1492832000.0,184.63,1146548000.0,,3627206000.0,576745000.0,-146097000.0,,,-134716000.0,,,,2020-03-03,https://www.sec.gov/Archives/edgar/data/1327811/000132781120000022/wday-20200131.htm
1,1445305_2021,,,,,,,,,,,,,,,,,,,,,,,,,,,2021-02-17,https://www.sec.gov/Archives/edgar/data/1445305/000144530521000035/wk-20201231.htm
1,1445305_2020,,,,,,,,,,,,,,,,,,,,,,,,,,,2020-02-20,https://www.sec.gov/Archives/edgar/data/1445305/000144530520000037/wk-20191231.htm
1,1803696_2021,,,,,,,,,,,,,,,,,,,,,,,,,,,2021-02-26,https://www.sec.gov/Archives/edgar/data/1803696/000156459021009444/xper-10k_20201231.htm
1,1614178_2021,230411000.0,,376184000.0,595989000.0,80344000.0,4842000.0,260161000.0,123989179.0,733933000.0,595989000.0,268257000.0,362589000.0,-18311000.0,100941000.0,,228417000.0,,354661000.0,,-19143000.0,,,-18311000.0,,,,2021-03-16,https://www.sec.gov/Archives/edgar/data/1614178/000161417821000065/yext-20210131.htm
1,1614178_2020,256076000.0,,377812000.0,563620000.0,26200000.0,4534000.0,244928000.0,115830375.0,636008000.0,563620000.0,221799000.0,344752000.0,-30577000.0,51355000.0,,218076000.0,,298829000.0,,-30563000.0,,,-30577000.0,,,,2020-03-20,https://www.sec.gov/Archives/edgar/data/1614178/000161417820000078/yext-20200131.htm
1,1463172_2021,,,,,,,,,,,,,,,,,,,,,,,,,,,2021-02-12,https://www.sec.gov/Archives/edgar/data/1463172/000146317221000054/zen-20201231.htm
1,1463172_2020,,,,,,,,,,,,,,,,,,,,,,,,,,,2020-02-13,https://www.sec.gov/Archives/edgar/data/1463172/000146317220000061/zen10-k2019.htm
1,855612_2021,,,,,,,,,,,,,,,,,,,,,,,,,,,2021-03-05,https://www.sec.gov/Archives/edgar/data/855612/000156459021011255/zixi-10k_20201231.htm
1,1585521_2021,2240303000.0,2004410000.0,4792865000.0,5297993000.0,149924000.0,24340000.0,1259966000.0,215737924.0,3860767000.0,5297993000.0,1829379000.0,1169531000.0,672316000.0,201879000.0,,684904000.0,,2651368000.0,821989000.0,659848000.0,,,672316000.0,,,,2021-03-18,https://www.sec.gov/Archives/edgar/data/1585521/000158552121000048/zm-20210131.htm
1,1585521_2020,283134000.0,572060000.0,1095522000.0,1289845000.0,57138000.0,,333830000.0,155336747.0,833943000.0,1289845000.0,507262000.0,494566000.0,25305000.0,84394000.0,,340646000.0,,622658000.0,115396000.0,12696000.0,,,25305000.0,,,,2020-03-20,https://www.sec.gov/Archives/edgar/data/1585521/000158552120000095/zm-20200131.htm
1,1794515_2021,,,,,,,,,,,,,,,,,,,,,,,,,,,2021-02-26,https://www.sec.gov/Archives/edgar/data/1794515/000179451521000061/zi-20201231.htm
1,1713683_2021,275898000.0,,1848303000.0,2257631000.0,108576000.0,58977000.0,720205000.0,138662000.0,1131006000.0,2257631000.0,522783000.0,730595000.0,-262029000.0,185793000.0,,459407000.0,,673100000.0,,-207812000.0,,,-262029000.0,,,,2021-09-16,https://www.sec.gov/Archives/edgar/data/1713683/000171368321000175/zs-20210731.htm
1,1713683_2020,141851000.0,,1581793000.0,1833458000.0,75734000.0,30059000.0,423901000.0,132817000.0,823804000.0,1833458000.0,335536000.0,449492000.0,-115116000.0,126362000.0,,277981000.0,,431269000.0,,-113956000.0,,,-115116000.0,,,,2020-09-17,https://www.sec.gov/Archives/edgar/data/1713683/000171368320000163/zs-20200731.htm
1,1423774_2021,94110000.0,92484000.0,293740000.0,421507000.0,33369000.0,17632000.0,187997000.0,109900000.0,635127000.0,421507000.0,174650000.0,248512000.0,-73174000.0,71025000.0,,116914000.0,,305420000.0,130770000.0,-73862000.0,,,-73174000.0,,,,2021-03-31,https://www.sec.gov/Archives/edgar/data/1423774/000142377421000020/zuo-20210131.htm
1,1423774_2020,54275000.0,117662000.0,266784000.0,402227000.0,33489000.0,17632000.0,165620000.0,97134000.0,555307000.0,402227000.0,141876000.0,227541000.0,-83394000.0,63134000.0,,108264000.0,,276057000.0,134181000.0,-85665000.0,,,-83394000.0,,,,2020-03-31,https://www.sec.gov/Archives/edgar/data/1423774/000142377420000036/zuo-20200131.htm
